pid,survey_id,political_party_name,support_rate
0,0,더불어민주당,49.8
1,1,더불어민주당,40.4
2,2,더불어민주당,37.4
3,3,더불어민주당,37.0
4,4,더불어민주당,47.6
5,5,더불어민주당,50.6
6,6,더불어민주당,54.2
7,7,더불어민주당,46.0
8,8,더불어민주당,50.0
9,9,더불어민주당,50.3
10,10,더불어민주당,48.3
11,11,더불어민주당,42.5
12,12,더불어민주당,48.9
13,13,더불어민주당,45.0
14,14,더불어민주당,40.0
15,15,더불어민주당,52.4
16,16,더불어민주당,53.1
17,17,더불어민주당,55.4
18,18,더불어민주당,48.6
19,19,더불어민주당,50.4
20,20,더불어민주당,39.0
21,21,더불어민주당,47.5
22,22,더불어민주당,48.0
23,23,더불어민주당,50.3
24,24,더불어민주당,52.8
25,25,더불어민주당,41.1
26,26,더불어민주당,44.1
27,27,더불어민주당,40.7
28,28,더불어민주당,45.0
29,29,더불어민주당,45.8
30,30,더불어민주당,37.8
31,31,더불어민주당,43.0
32,32,더불어민주당,39.0
33,33,더불어민주당,36.0
34,34,더불어민주당,41.5
35,35,더불어민주당,43.3
36,36,더불어민주당,44.0
37,37,더불어민주당,40.4
38,38,더불어민주당,38.2
39,39,더불어민주당,47.8
40,40,더불어민주당,48.0
41,41,더불어민주당,42.0
42,42,더불어민주당,35.0
43,43,더불어민주당,42.0
44,44,더불어민주당,42.4
45,45,더불어민주당,45.2
46,46,더불어민주당,47.1
47,47,더불어민주당,39.0
48,48,더불어민주당,33.7
49,49,더불어민주당,40.9
50,50,더불어민주당,40.4
51,51,더불어민주당,43.7
52,52,더불어민주당,37.0
53,53,더불어민주당,43.3
54,54,더불어민주당,38.9
55,55,더불어민주당,36.0
56,56,더불어민주당,45.5
57,57,더불어민주당,36.0
58,58,더불어민주당,35.4
59,59,더불어민주당,43.0
60,60,더불어민주당,36.1
61,61,더불어민주당,42.2
62,62,더불어민주당,35.0
63,63,더불어민주당,43.9
64,64,더불어민주당,31.5
65,65,더불어민주당,39.8
66,66,더불어민주당,40.5
67,67,더불어민주당,31.7
68,68,더불어민주당,41.8
69,69,더불어민주당,39.9
70,70,더불어민주당,36.3
71,71,더불어민주당,33.0
72,72,더불어민주당,44.0
73,73,더불어민주당,36.0
74,74,더불어민주당,39.0
75,75,더불어민주당,39.0
76,76,더불어민주당,43.2
77,77,더불어민주당,35.0
78,78,더불어민주당,36.7
79,79,더불어민주당,40.3
80,80,더불어민주당,39.0
81,81,더불어민주당,38.8
82,82,더불어민주당,37.3
83,83,더불어민주당,40.4
84,84,더불어민주당,36.8
85,85,더불어민주당,41.0
86,86,더불어민주당,36.0
87,87,더불어민주당,33.0
88,88,더불어민주당,35.2
89,89,더불어민주당,45.2
90,90,더불어민주당,40.0
91,91,더불어민주당,40.0
92,92,더불어민주당,36.8
93,93,더불어민주당,38.0
94,94,더불어민주당,41.7
95,95,더불어민주당,40.0
96,96,더불어민주당,42.6
97,97,더불어민주당,45.2
98,98,더불어민주당,47.0
99,99,더불어민주당,37.0
100,100,더불어민주당,39.0
101,101,더불어민주당,41.0
102,102,더불어민주당,32.0
103,103,더불어민주당,37.0
104,104,더불어민주당,44.0
105,105,더불어민주당,41.0
106,106,더불어민주당,39.0
107,107,더불어민주당,50.4
108,108,더불어민주당,42.0
109,109,더불어민주당,37.1
110,110,더불어민주당,39.7
111,111,더불어민주당,42.5
112,112,더불어민주당,42.5
113,113,더불어민주당,41.4
114,114,더불어민주당,37.0
115,115,더불어민주당,41.4
116,116,더불어민주당,44.4
117,117,더불어민주당,43.9
118,118,더불어민주당,39.0
119,119,더불어민주당,40.8
120,120,더불어민주당,39.3
121,121,더불어민주당,48.2
122,122,더불어민주당,36.0
123,123,더불어민주당,38.4
124,124,더불어민주당,38.4
125,125,더불어민주당,38.7
126,126,더불어민주당,41.0
127,127,더불어민주당,40.2
128,128,더불어민주당,36.0
129,129,더불어민주당,43.8
130,130,더불어민주당,39.2
131,131,더불어민주당,38.0
132,132,더불어민주당,36.0
133,133,더불어민주당,43.1
134,134,더불어민주당,47.7
135,135,더불어민주당,36.0
136,136,더불어민주당,41.0
137,137,더불어민주당,35.6
138,138,더불어민주당,42.0
139,139,더불어민주당,39.8
140,140,더불어민주당,37.2
141,141,더불어민주당,42.3
142,142,더불어민주당,48.7
143,143,더불어민주당,34.0
144,144,더불어민주당,41.3
145,145,더불어민주당,39.4
146,146,더불어민주당,46.8
147,147,더불어민주당,40.0
148,148,더불어민주당,37.6
149,149,더불어민주당,30.0
150,150,더불어민주당,41.1
151,151,더불어민주당,49.5
152,152,더불어민주당,34.0
153,153,더불어민주당,36.7
154,154,더불어민주당,37.9
155,155,더불어민주당,40.0
156,156,더불어민주당,43.0
157,157,더불어민주당,34.0
158,158,더불어민주당,41.3
159,159,더불어민주당,36.1
160,160,더불어민주당,47.3
161,161,더불어민주당,38.0
162,162,더불어민주당,44.2
163,163,더불어민주당,46.5
164,164,더불어민주당,40.3
165,165,더불어민주당,39.0
166,166,더불어민주당,38.0
167,167,더불어민주당,36.9
168,168,더불어민주당,35.0
169,169,더불어민주당,36.9
170,170,더불어민주당,40.3
171,171,더불어민주당,42.3
172,172,더불어민주당,40.1
173,173,더불어민주당,35.0
174,174,더불어민주당,37.6
175,175,더불어민주당,38.2
176,176,더불어민주당,40.0
177,177,더불어민주당,39.9
178,178,더불어민주당,41.0
179,179,더불어민주당,45.0
180,180,더불어민주당,35.0
181,181,더불어민주당,37.7
182,182,더불어민주당,39.2
183,183,더불어민주당,40.4
184,184,더불어민주당,43.5
185,185,더불어민주당,39.8
186,186,더불어민주당,41.7
187,187,더불어민주당,36.0
188,188,더불어민주당,44.3
189,189,더불어민주당,44.8
190,190,더불어민주당,37.0
191,191,더불어민주당,47.1
192,192,더불어민주당,40.0
193,193,더불어민주당,38.2
194,194,더불어민주당,50.0
195,195,더불어민주당,44.3
196,196,더불어민주당,37.0
197,197,더불어민주당,44.7
198,198,더불어민주당,44.9
199,199,더불어민주당,42.9
200,200,더불어민주당,43.3
201,201,더불어민주당,41.7
202,202,더불어민주당,42.2
203,203,더불어민주당,42.1
204,204,더불어민주당,44.9
205,205,더불어민주당,38.0
206,206,더불어민주당,37.5
207,207,더불어민주당,51.4
208,208,더불어민주당,49.5
209,209,더불어민주당,40.0
210,210,더불어민주당,46.1
211,211,더불어민주당,43.6
212,212,더불어민주당,47.8
213,213,더불어민주당,42.2
214,214,더불어민주당,35.0
215,0,국민의힘,27.5
216,1,국민의힘,26.3
217,2,국민의힘,31.8
218,3,국민의힘,27.0
219,4,국민의힘,26.2
220,5,국민의힘,21.8
221,6,국민의힘,24.4
222,7,국민의힘,24.0
223,8,국민의힘,23.1
224,9,국민의힘,18.2
225,10,국민의힘,30.9
226,11,국민의힘,23.6
227,12,국민의힘,30.4
228,13,국민의힘,21.0
229,14,국민의힘,24.0
230,15,국민의힘,25.7
231,16,국민의힘,21.2
232,17,국민의힘,28.1
233,18,국민의힘,30.1
234,19,국민의힘,25.8
235,20,국민의힘,26.0
236,21,국민의힘,29.6
237,22,국민의힘,24.0
238,23,국민의힘,29.7
239,24,국민의힘,24.2
240,25,국민의힘,32.8
241,26,국민의힘,30.3
242,27,국민의힘,31.3
243,28,국민의힘,25.0
244,29,국민의힘,30.6
245,30,국민의힘,38.2
246,31,국민의힘,23.0
247,32,국민의힘,25.0
248,33,국민의힘,27.0
249,34,국민의힘,35.4
250,35,국민의힘,34.7
251,36,국민의힘,29.0
252,37,국민의힘,35.7
253,38,국민의힘,27.0
254,39,국민의힘,30.4
255,40,국민의힘,29.0
256,41,국민의힘,24.0
257,42,국민의힘,21.0
258,43,국민의힘,30.0
259,44,국민의힘,36.5
260,45,국민의힘,34.4
261,46,국민의힘,26.8
262,47,국민의힘,36.0
263,48,국민의힘,38.8
264,49,국민의힘,40.2
265,50,국민의힘,40.0
266,51,국민의힘,37.9
267,52,국민의힘,36.3
268,53,국민의힘,33.5
269,54,국민의힘,41.0
270,55,국민의힘,32.0
271,56,국민의힘,42.7
272,57,국민의힘,34.0
273,58,국민의힘,42.3
274,59,국민의힘,35.0
275,60,국민의힘,40.8
276,61,국민의힘,40.8
277,62,국민의힘,42.0
278,63,국민의힘,33.2
279,64,국민의힘,41.6
280,65,국민의힘,45.7
281,66,국민의힘,39.7
282,67,국민의힘,44.8
283,68,국민의힘,40.5
284,69,국민의힘,44.5
285,70,국민의힘,43.9
286,71,국민의힘,35.0
287,72,국민의힘,47.5
288,73,국민의힘,39.0
289,74,국민의힘,42.0
290,75,국민의힘,46.5
291,76,국민의힘,38.1
292,77,국민의힘,46.0
293,78,국민의힘,45.9
294,79,국민의힘,45.3
295,80,국민의힘,45.3
296,81,국민의힘,48.5
297,82,국민의힘,46.4
298,83,국민의힘,41.5
299,84,국민의힘,44.4
300,85,국민의힘,43.1
301,86,국민의힘,38.0
302,87,국민의힘,41.0
303,88,국민의힘,47.6
304,89,국민의힘,46.8
305,90,국민의힘,39.0
306,91,국민의힘,38.0
307,92,국민의힘,46.7
308,93,국민의힘,42.0
309,94,국민의힘,45.4
310,95,국민의힘,41.0
311,96,국민의힘,45.5
312,97,국민의힘,37.8
313,98,국민의힘,36.5
314,99,국민의힘,44.0
315,100,국민의힘,39.0
316,101,국민의힘,46.2
317,102,국민의힘,38.0
318,103,국민의힘,35.0
319,104,국민의힘,41.0
320,105,국민의힘,38.0
321,106,국민의힘,43.0
322,107,국민의힘,34.3
323,108,국민의힘,41.0
324,109,국민의힘,49.3
325,110,국민의힘,43.7
326,111,국민의힘,42.1
327,112,국민의힘,38.7
328,113,국민의힘,41.1
329,114,국민의힘,39.0
330,115,국민의힘,43.2
331,116,국민의힘,46.7
332,117,국민의힘,42.8
333,118,국민의힘,40.0
334,119,국민의힘,42.8
335,120,국민의힘,42.4
336,121,국민의힘,34.3
337,122,국민의힘,42.0
338,123,국민의힘,41.9
339,124,국민의힘,42.6
340,125,국민의힘,45.9
341,126,국민의힘,44.2
342,127,국민의힘,40.2
343,128,국민의힘,37.0
344,129,국민의힘,47.5
345,130,국민의힘,48.2
346,131,국민의힘,39.0
347,132,국민의힘,39.0
348,133,국민의힘,41.4
349,134,국민의힘,35.8
350,135,국민의힘,43.0
351,136,국민의힘,36.0
352,137,국민의힘,47.7
353,138,국민의힘,40.3
354,139,국민의힘,42.3
355,140,국민의힘,49.0
356,141,국민의힘,39.7
357,142,국민의힘,36.4
358,143,국민의힘,37.0
359,144,국민의힘,44.1
360,145,국민의힘,45.8
361,146,국민의힘,35.3
362,147,국민의힘,34.0
363,148,국민의힘,41.0
364,149,국민의힘,41.0
365,150,국민의힘,42.7
366,151,국민의힘,30.4
367,152,국민의힘,46.0
368,153,국민의힘,43.5
369,154,국민의힘,42.3
370,155,국민의힘,44.1
371,156,국민의힘,38.8
372,157,국민의힘,37.0
373,158,국민의힘,42.1
374,159,국민의힘,45.2
375,160,국민의힘,36.4
376,161,국민의힘,36.0
377,162,국민의힘,37.6
378,163,국민의힘,34.3
379,164,국민의힘,41.1
380,165,국민의힘,39.0
381,166,국민의힘,42.0
382,167,국민의힘,44.3
383,168,국민의힘,44.0
384,169,국민의힘,45.4
385,170,국민의힘,40.5
386,171,국민의힘,41.1
387,172,국민의힘,43.9
388,173,국민의힘,34.0
389,174,국민의힘,43.4
390,175,국민의힘,45.3
391,176,국민의힘,36.0
392,177,국민의힘,48.4
393,178,국민의힘,42.7
394,179,국민의힘,34.3
395,180,국민의힘,45.0
396,181,국민의힘,41.0
397,182,국민의힘,38.5
398,183,국민의힘,41.9
399,184,국민의힘,40.0
400,185,국민의힘,43.7
401,186,국민의힘,43.3
402,187,국민의힘,38.0
403,188,국민의힘,44.3
404,189,국민의힘,35.0
405,190,국민의힘,40.0
406,191,국민의힘,35.1
407,192,국민의힘,36.0
408,193,국민의힘,40.1
409,194,국민의힘,39.3
410,195,국민의힘,39.0
411,196,국민의힘,41.0
412,197,국민의힘,34.4
413,198,국민의힘,36.6
414,199,국민의힘,38.7
415,200,국민의힘,39.8
416,201,국민의힘,40.7
417,202,국민의힘,39.7
418,203,국민의힘,41.7
419,204,국민의힘,37.5
420,205,국민의힘,32.0
421,206,국민의힘,43.1
422,207,국민의힘,37.6
423,208,국민의힘,32.9
424,209,국민의힘,36.0
425,210,국민의힘,43.4
426,211,국민의힘,40.0
427,212,국민의힘,31.6
428,213,국민의힘,39.4
429,214,국민의힘,44.0
430,0,조국혁신당,8.0
431,1,조국혁신당,8.4
432,2,조국혁신당,9.4
433,3,조국혁신당,7.0
434,4,조국혁신당,7.3
435,5,조국혁신당,8.8
436,6,조국혁신당,11.4
437,7,조국혁신당,9.0
438,8,조국혁신당,8.4
439,9,조국혁신당,10.5
440,10,조국혁신당,3.7
441,11,조국혁신당,7.3
442,12,조국혁신당,4.0
443,13,조국혁신당,9.0
444,14,조국혁신당,8.0
445,15,조국혁신당,8.0
446,16,조국혁신당,7.1
447,17,조국혁신당,8.0
448,18,조국혁신당,4.3
449,19,조국혁신당,5.5
450,20,조국혁신당,8.0
451,21,조국혁신당,5.4
452,22,조국혁신당,4.0
453,23,조국혁신당,6.0
454,24,조국혁신당,7.4
455,25,조국혁신당,7.7
456,26,조국혁신당,5.5
457,27,조국혁신당,6.9
458,28,조국혁신당,7.0
459,29,조국혁신당,6.0
460,30,조국혁신당,3.2
461,31,조국혁신당,7.0
462,32,조국혁신당,8.0
463,33,조국혁신당,6.0
464,34,조국혁신당,5.0
465,35,조국혁신당,4.2
466,36,조국혁신당,4.0
467,37,조국혁신당,4.3
468,38,조국혁신당,9.7
469,39,조국혁신당,5.2
470,40,조국혁신당,5.0
471,41,조국혁신당,7.0
472,42,조국혁신당,5.0
473,43,조국혁신당,6.0
474,44,조국혁신당,4.1
475,45,조국혁신당,4.8
476,46,조국혁신당,6.1
477,47,조국혁신당,7.0
478,48,조국혁신당,5.6
479,49,조국혁신당,3.6
480,50,조국혁신당,4.7
481,51,조국혁신당,3.1
482,52,조국혁신당,4.9
483,53,조국혁신당,7.4
484,54,조국혁신당,4.7
485,55,조국혁신당,7.0
486,56,조국혁신당,4.3
487,57,조국혁신당,5.0
488,58,조국혁신당,3.4
489,59,조국혁신당,4.0
490,60,조국혁신당,6.3
491,61,조국혁신당,4.8
492,62,조국혁신당,7.0
493,63,조국혁신당,6.2
494,64,조국혁신당,5.5
495,65,조국혁신당,3.0
496,66,조국혁신당,5.6
497,67,조국혁신당,4.3
498,68,조국혁신당,3.8
499,69,조국혁신당,4.0
500,70,조국혁신당,4.0
501,71,조국혁신당,8.0
502,72,조국혁신당,1.9
503,73,조국혁신당,4.0
504,74,조국혁신당,4.0
505,75,조국혁신당,4.2
506,76,조국혁신당,5.6
507,77,조국혁신당,5.0
508,78,조국혁신당,2.2
509,79,조국혁신당,4.0
510,80,조국혁신당,2.5
511,81,조국혁신당,3.8
512,82,조국혁신당,2.8
513,83,조국혁신당,5.9
514,84,조국혁신당,4.2
515,85,조국혁신당,4.9
516,86,조국혁신당,5.0
517,87,조국혁신당,8.0
518,88,조국혁신당,2.4
519,89,조국혁신당,2.3
520,90,조국혁신당,5.0
521,91,조국혁신당,3.0
522,92,조국혁신당,3.6
523,93,조국혁신당,4.0
524,94,조국혁신당,4.5
525,95,조국혁신당,4.0
526,96,조국혁신당,2.9
527,97,조국혁신당,4.3
528,98,조국혁신당,4.9
529,99,조국혁신당,5.0
530,100,조국혁신당,4.0
531,101,조국혁신당,2.7
532,102,조국혁신당,7.0
533,103,조국혁신당,8.0
534,104,조국혁신당,4.0
535,105,조국혁신당,3.0
536,106,조국혁신당,5.0
537,107,조국혁신당,3.5
538,108,조국혁신당,5.0
539,109,조국혁신당,2.7
540,110,조국혁신당,3.0
541,111,조국혁신당,3.1
542,112,조국혁신당,5.9
543,113,조국혁신당,3.6
544,114,조국혁신당,4.0
545,115,조국혁신당,4.5
546,116,조국혁신당,2.0
547,117,조국혁신당,3.3
548,118,조국혁신당,5.0
549,119,조국혁신당,3.4
550,120,조국혁신당,3.7
551,121,조국혁신당,5.0
552,122,조국혁신당,5.0
553,123,조국혁신당,3.3
554,124,조국혁신당,4.1
555,125,조국혁신당,2.8
556,126,조국혁신당,2.2
557,127,조국혁신당,7.2
558,128,조국혁신당,6.0
559,129,조국혁신당,3.5
560,130,조국혁신당,1.7
561,131,조국혁신당,4.0
562,132,조국혁신당,6.0
563,133,조국혁신당,3.6
564,134,조국혁신당,4.2
565,135,조국혁신당,6.0
566,136,조국혁신당,3.0
567,137,조국혁신당,4.3
568,138,조국혁신당,6.0
569,139,조국혁신당,2.7
570,140,조국혁신당,3.6
571,141,조국혁신당,3.5
572,142,조국혁신당,3.4
573,143,조국혁신당,7.0
574,144,조국혁신당,4.8
575,145,조국혁신당,3.1
576,146,조국혁신당,5.9
577,147,조국혁신당,3.0
578,148,조국혁신당,4.2
579,149,조국혁신당,7.0
580,150,조국혁신당,4.4
581,151,조국혁신당,5.1
582,152,조국혁신당,5.0
583,153,조국혁신당,3.0
584,154,조국혁신당,3.9
585,155,조국혁신당,2.4
586,156,조국혁신당,5.2
587,157,조국혁신당,6.0
588,158,조국혁신당,2.8
589,159,조국혁신당,3.9
590,160,조국혁신당,4.5
591,161,조국혁신당,3.0
592,162,조국혁신당,4.0
593,163,조국혁신당,5.3
594,164,조국혁신당,2.7
595,165,조국혁신당,7.0
596,166,조국혁신당,5.0
597,167,조국혁신당,3.5
598,168,조국혁신당,4.0
599,169,조국혁신당,3.9
600,170,조국혁신당,5.5
601,171,조국혁신당,3.0
602,172,조국혁신당,3.7
603,173,조국혁신당,6.0
604,174,조국혁신당,4.8
605,175,조국혁신당,4.5
606,176,조국혁신당,2.0
607,177,조국혁신당,3.8
608,178,조국혁신당,3.9
609,179,조국혁신당,5.9
610,180,조국혁신당,4.0
611,181,조국혁신당,3.7
612,182,조국혁신당,3.4
613,183,조국혁신당,2.7
614,184,조국혁신당,6.1
615,185,조국혁신당,3.2
616,186,조국혁신당,2.7
617,187,조국혁신당,5.0
618,188,조국혁신당,3.4
619,189,조국혁신당,5.7
620,190,조국혁신당,6.0
621,191,조국혁신당,3.9
622,192,조국혁신당,3.0
623,193,조국혁신당,5.4
624,194,조국혁신당,3.8
625,195,조국혁신당,3.3
626,196,조국혁신당,5.0
627,197,조국혁신당,5.4
628,198,조국혁신당,2.5
629,199,조국혁신당,3.9
630,200,조국혁신당,4.5
631,201,조국혁신당,3.4
632,202,조국혁신당,6.5
633,203,조국혁신당,3.4
634,204,조국혁신당,3.7
635,205,조국혁신당,7.0
636,206,조국혁신당,4.5
637,207,조국혁신당,4.0
638,208,조국혁신당,3.9
639,209,조국혁신당,3.0
640,210,조국혁신당,4.2
641,211,조국혁신당,4.3
642,212,조국혁신당,5.5
643,213,조국혁신당,3.0
644,214,조국혁신당,5.0
645,0,개혁신당,3.2
646,1,개혁신당,5.2
647,2,개혁신당,4.0
648,3,개혁신당,2.0
649,4,개혁신당,4.3
650,5,개혁신당,2.4
651,6,개혁신당,3.7
652,7,개혁신당,2.0
653,8,개혁신당,3.6
654,9,개혁신당,4.6
655,10,개혁신당,3.0
656,11,개혁신당,5.0
657,12,개혁신당,2.8
658,13,개혁신당,4.0
659,14,개혁신당,4.0
660,15,개혁신당,2.8
661,16,개혁신당,3.1
662,17,개혁신당,3.1
663,18,개혁신당,2.5
664,19,개혁신당,4.3
665,20,개혁신당,2.0
666,21,개혁신당,3.2
667,22,개혁신당,2.0
668,23,개혁신당,2.7
669,24,개혁신당,2.0
670,25,개혁신당,3.5
671,26,개혁신당,4.1
672,27,개혁신당,3.3
673,28,개혁신당,5.0
674,29,개혁신당,3.0
675,30,개혁신당,3.0
676,31,개혁신당,3.0
677,32,개혁신당,3.0
678,33,개혁신당,2.0
679,34,개혁신당,1.1
680,35,개혁신당,3.3
681,36,개혁신당,3.0
682,37,개혁신당,3.3
683,38,개혁신당,3.5
684,39,개혁신당,3.5
685,40,개혁신당,2.0
686,41,개혁신당,4.0
687,42,개혁신당,2.0
688,43,개혁신당,5.0
689,44,개혁신당,3.0
690,45,개혁신당,3.1
691,46,개혁신당,2.9
692,47,개혁신당,2.0
693,48,개혁신당,2.5
694,49,개혁신당,2.7
695,50,개혁신당,2.1
696,51,개혁신당,2.3
697,52,개혁신당,2.1
698,53,개혁신당,3.4
699,54,개혁신당,3.0
700,55,개혁신당,3.0
701,56,개혁신당,2.2
702,57,개혁신당,2.0
703,58,개혁신당,2.1
704,59,개혁신당,3.0
705,60,개혁신당,2.8
706,61,개혁신당,2.4
707,62,개혁신당,3.0
708,63,개혁신당,2.5
709,64,개혁신당,3.1
710,65,개혁신당,2.1
711,66,개혁신당,2.1
712,67,개혁신당,2.1
713,68,개혁신당,2.3
714,69,개혁신당,1.9
715,70,개혁신당,1.9
716,71,개혁신당,3.0
717,72,개혁신당,1.7
718,73,개혁신당,2.0
719,74,개혁신당,2.0
720,75,개혁신당,1.9
721,76,개혁신당,1.7
722,77,개혁신당,3.0
723,78,개혁신당,2.2
724,79,개혁신당,2.2
725,80,개혁신당,1.4
726,81,개혁신당,1.3
727,82,개혁신당,1.6
728,83,개혁신당,2.9
729,84,개혁신당,1.6
730,85,개혁신당,1.5
731,86,개혁신당,2.0
732,87,개혁신당,4.0
733,88,개혁신당,2.3
734,89,개혁신당,1.7
735,90,개혁신당,2.0
736,91,개혁신당,1.0
737,92,개혁신당,1.4
738,93,개혁신당,2.0
739,94,개혁신당,1.0
740,95,개혁신당,2.0
741,96,개혁신당,2.1
742,97,개혁신당,1.8
743,98,개혁신당,1.4
744,99,개혁신당,3.0
745,100,개혁신당,2.0
746,101,개혁신당,1.7
747,102,개혁신당,3.0
748,103,개혁신당,3.0
749,104,개혁신당,2.0
750,105,개혁신당,1.0
751,106,개혁신당,2.0
752,107,개혁신당,2.3
753,108,개혁신당,3.0
754,109,개혁신당,1.7
755,110,개혁신당,1.9
756,111,개혁신당,1.9
757,112,개혁신당,2.5
758,113,개혁신당,2.0
759,114,개혁신당,2.0
760,115,개혁신당,1.5
761,116,개혁신당,1.7
762,117,개혁신당,0.5
763,118,개혁신당,2.0
764,119,개혁신당,2.4
765,120,개혁신당,2.1
766,121,개혁신당,1.7
767,122,개혁신당,3.0
768,123,개혁신당,2.7
769,124,개혁신당,1.6
770,125,개혁신당,1.9
771,126,개혁신당,1.4
772,127,개혁신당,2.2
773,128,개혁신당,2.0
774,129,개혁신당,1.2
775,130,개혁신당,1.3
776,131,개혁신당,2.0
777,132,개혁신당,2.0
778,133,개혁신당,2.2
779,134,개혁신당,1.3
780,135,개혁신당,3.0
781,136,개혁신당,1.0
782,137,개혁신당,2.3
783,138,개혁신당,1.9
784,139,개혁신당,2.6
785,140,개혁신당,1.6
786,141,개혁신당,2.3
787,142,개혁신당,1.2
788,143,개혁신당,3.0
789,144,개혁신당,1.0
790,145,개혁신당,0.9
791,146,개혁신당,1.5
792,147,개혁신당,2.0
793,148,개혁신당,2.3
794,149,개혁신당,3.0
795,150,개혁신당,1.4
796,151,개혁신당,1.6
797,152,개혁신당,3.0
798,153,개혁신당,1.2
799,154,개혁신당,1.8
800,155,개혁신당,1.6
801,156,개혁신당,1.7
802,157,개혁신당,2.0
803,158,개혁신당,2.0
804,159,개혁신당,2.3
805,160,개혁신당,1.4
806,161,개혁신당,2.0
807,162,개혁신당,2.6
808,163,개혁신당,1.1
809,164,개혁신당,1.5
810,165,개혁신당,2.0
811,166,개혁신당,3.0
812,167,개혁신당,1.4
813,168,개혁신당,2.0
814,169,개혁신당,2.3
815,170,개혁신당,2.5
816,171,개혁신당,1.8
817,172,개혁신당,2.0
818,173,개혁신당,2.0
819,174,개혁신당,2.7
820,175,개혁신당,2.1
821,176,개혁신당,2.0
822,177,개혁신당,1.8
823,178,개혁신당,1.7
824,179,개혁신당,1.6
825,180,개혁신당,2.0
826,181,개혁신당,2.0
827,182,개혁신당,2.2
828,183,개혁신당,1.6
829,184,개혁신당,2.0
830,185,개혁신당,1.6
831,186,개혁신당,1.4
832,187,개혁신당,2.0
833,188,개혁신당,1.8
834,189,개혁신당,2.0
835,190,개혁신당,2.0
836,191,개혁신당,1.6
837,192,개혁신당,2.0
838,193,개혁신당,2.1
839,194,개혁신당,2.0
840,195,개혁신당,1.5
841,196,개혁신당,3.0
842,197,개혁신당,1.4
843,198,개혁신당,2.0
844,199,개혁신당,1.3
845,200,개혁신당,2.2
846,201,개혁신당,1.8
847,202,개혁신당,1.5
848,203,개혁신당,1.2
849,204,개혁신당,1.7
850,205,개혁신당,1.0
851,206,개혁신당,1.8
852,207,개혁신당,2.1
853,208,개혁신당,1.5
854,209,개혁신당,1.0
855,210,개혁신당,1.1
856,211,개혁신당,1.3
857,212,개혁신당,2.1
858,213,개혁신당,2.0
859,214,개혁신당,3.0
860,0,진보당,1.0
861,1,진보당,2.2
862,2,진보당,1.4
863,3,진보당,0.3
864,4,진보당,0.8
865,5,진보당,0.7
866,6,진보당,1.2
867,7,진보당,1.0
868,8,진보당,0.9
869,9,진보당,1.3
870,10,진보당,0.0
871,11,진보당,1.4
872,12,진보당,0.0
873,13,진보당,1.0
874,14,진보당,1.0
875,15,진보당,1.1
876,16,진보당,1.2
877,17,진보당,1.4
878,18,진보당,0.0
879,19,진보당,1.2
880,20,진보당,1.0
881,21,진보당,1.3
882,22,진보당,0.3
883,23,진보당,1.2
884,24,진보당,0.9
885,25,진보당,1.4
886,26,진보당,1.3
887,27,진보당,0.6
888,28,진보당,2.0
889,29,진보당,2.1
890,30,진보당,0.0
891,31,진보당,1.0
892,32,진보당,1.0
893,33,진보당,1.0
894,34,진보당,1.1
895,35,진보당,0.8
896,36,진보당,1.0
897,37,진보당,1.3
898,38,진보당,0.8
899,39,진보당,1.2
900,40,진보당,1.0
901,41,진보당,1.0
902,42,진보당,1.0
903,43,진보당,2.0
904,44,진보당,1.0
905,45,진보당,1.1
906,46,진보당,1.1
907,47,진보당,1.0
908,48,진보당,1.9
909,49,진보당,1.2
910,50,진보당,0.9
911,51,진보당,0.0
912,52,진보당,1.2
913,53,진보당,1.1
914,54,진보당,1.0
915,55,진보당,1.0
916,56,진보당,0.4
917,57,진보당,1.0
918,58,진보당,1.1
919,59,진보당,1.0
920,60,진보당,1.4
921,61,진보당,1.2
922,62,진보당,1.0
923,63,진보당,0.6
924,64,진보당,1.0
925,65,진보당,0.8
926,66,진보당,1.1
927,67,진보당,0.7
928,68,진보당,1.0
929,69,진보당,1.0
930,70,진보당,0.4
931,71,진보당,1.0
932,72,진보당,0.6
933,73,진보당,1.0
934,74,진보당,1.0
935,75,진보당,0.7
936,76,진보당,0.8
937,77,진보당,2.0
938,78,진보당,0.0
939,79,진보당,0.9
940,80,진보당,0.0
941,81,진보당,0.4
942,82,진보당,1.4
943,83,진보당,1.1
944,84,진보당,0.8
945,85,진보당,0.5
946,86,진보당,1.0
947,87,진보당,1.0
948,88,진보당,0.6
949,89,진보당,0.4
950,90,진보당,0.0
951,91,진보당,1.0
952,92,진보당,0.6
953,93,진보당,1.0
954,94,진보당,1.0
955,95,진보당,1.0
956,96,진보당,0.8
957,97,진보당,0.8
958,98,진보당,1.3
959,99,진보당,1.0
960,100,진보당,1.0
961,101,진보당,0.8
962,102,진보당,1.0
963,103,진보당,1.0
964,104,진보당,0.0
965,105,진보당,1.0
966,106,진보당,1.0
967,107,진보당,0.5
968,108,진보당,0.0
969,109,진보당,0.7
970,110,진보당,0.4
971,111,진보당,0.7
972,112,진보당,0.5
973,113,진보당,0.7
974,114,진보당,0.0
975,115,진보당,0.7
976,116,진보당,0.7
977,117,진보당,0.8
978,118,진보당,1.0
979,119,진보당,1.0
980,120,진보당,0.4
981,121,진보당,0.5
982,122,진보당,1.0
983,123,진보당,0.3
984,124,진보당,0.9
985,125,진보당,0.9
986,126,진보당,0.0
987,127,진보당,0.8
988,128,진보당,1.0
989,129,진보당,0.6
990,130,진보당,0.9
991,131,진보당,0.3
992,132,진보당,1.0
993,133,진보당,1.2
994,134,진보당,0.5
995,135,진보당,1.0
996,136,진보당,1.0
997,137,진보당,1.0
998,138,진보당,0.8
999,139,진보당,0.9
1000,140,진보당,0.4
1001,141,진보당,0.7
1002,142,진보당,1.0
1003,143,진보당,1.0
1004,144,진보당,1.1
1005,145,진보당,0.3
1006,146,진보당,0.5
1007,147,진보당,1.0
1008,148,진보당,1.4
1009,149,진보당,1.0
1010,150,진보당,0.7
1011,151,진보당,1.4
1012,152,진보당,1.0
1013,153,진보당,0.5
1014,154,진보당,0.8
1015,155,진보당,0.0
1016,156,진보당,0.8
1017,157,진보당,1.0
1018,158,진보당,0.9
1019,159,진보당,1.1
1020,160,진보당,0.2
1021,161,진보당,0.3
1022,162,진보당,0.8
1023,163,진보당,0.5
1024,164,진보당,0.9
1025,165,진보당,1.0
1026,166,진보당,1.0
1027,167,진보당,0.3
1028,168,진보당,1.0
1029,169,진보당,0.5
1030,170,진보당,1.4
1031,171,진보당,0.7
1032,172,진보당,0.3
1033,173,진보당,1.0
1034,174,진보당,1.0
1035,175,진보당,0.6
1036,176,진보당,1.0
1037,177,진보당,0.2
1038,178,진보당,1.1
1039,179,진보당,1.0
1040,180,진보당,1.0
1041,181,진보당,0.6
1042,182,진보당,1.1
1043,183,진보당,0.0
1044,184,진보당,0.9
1045,185,진보당,0.8
1046,186,진보당,0.9
1047,187,진보당,0.0
1048,188,진보당,0.8
1049,189,진보당,0.8
1050,190,진보당,1.0
1051,191,진보당,0.5
1052,192,진보당,1.0
1053,193,진보당,1.1
1054,194,진보당,1.1
1055,195,진보당,0.7
1056,196,진보당,1.0
1057,197,진보당,0.6
1058,198,진보당,0.8
1059,199,진보당,0.6
1060,200,진보당,0.8
1061,201,진보당,0.7
1062,202,진보당,0.8
1063,203,진보당,1.4
1064,204,진보당,0.7
1065,205,진보당,1.0
1066,206,진보당,1.3
1067,207,진보당,1.1
1068,208,진보당,0.6
1069,209,진보당,1.0
1070,210,진보당,0.7
1071,211,진보당,0.8
1072,212,진보당,0.6
1073,213,진보당,0.8
1074,214,진보당,1.0
1075,0,기타정당,1.6
1076,1,기타정당,2.2
1077,2,기타정당,4.3
1078,3,기타정당,1.1
1079,4,기타정당,2.4
1080,5,기타정당,1.1
1081,6,기타정당,2.0
1082,7,기타정당,1.0
1083,8,기타정당,2.2
1084,9,기타정당,4.6
1085,10,기타정당,1.1
1086,11,기타정당,8.9
1087,12,기타정당,1.1
1088,13,기타정당,2.0
1089,14,기타정당,1.4
1090,15,기타정당,1.4
1091,16,기타정당,1.7
1092,17,기타정당,1.6
1093,18,기타정당,1.8
1094,19,기타정당,2.2
1095,20,기타정당,1.0
1096,21,기타정당,1.6
1097,22,기타정당,1.0
1098,23,기타정당,1.9
1099,24,기타정당,1.1
1100,25,기타정당,5.2
1101,26,기타정당,6.8
1102,27,기타정당,2.1
1103,28,기타정당,2.0
1104,29,기타정당,2.3
1105,30,기타정당,2.9
1106,31,기타정당,2.0
1107,32,기타정당,2.0
1108,33,기타정당,2.0
1109,34,기타정당,1.7
1110,35,기타정당,3.3
1111,36,기타정당,1.0
1112,37,기타정당,3.0
1113,38,기타정당,2.0
1114,39,기타정당,1.9
1115,40,기타정당,2.0
1116,41,기타정당,1.0
1117,42,기타정당,2.0
1118,43,기타정당,4.0
1119,44,기타정당,3.6
1120,45,기타정당,1.8
1121,46,기타정당,1.4
1122,47,기타정당,3.0
1123,48,기타정당,2.6
1124,49,기타정당,3.1
1125,50,기타정당,3.1
1126,51,기타정당,2.0
1127,52,기타정당,6.1
1128,53,기타정당,4.6
1129,54,기타정당,3.1
1130,55,기타정당,2.0
1131,56,기타정당,1.9
1132,57,기타정당,2.1
1133,58,기타정당,4.0
1134,59,기타정당,3.0
1135,60,기타정당,2.7
1136,61,기타정당,2.1
1137,62,기타정당,2.0
1138,63,기타정당,0.9
1139,64,기타정당,2.7
1140,65,기타정당,2.5
1141,66,기타정당,4.1
1142,67,기타정당,3.4
1143,68,기타정당,2.7
1144,69,기타정당,2.4
1145,70,기타정당,1.9
1146,71,기타정당,3.0
1147,72,기타정당,1.7
1148,73,기타정당,1.4
1149,74,기타정당,1.0
1150,75,기타정당,1.2
1151,76,기타정당,0.8
1152,77,기타정당,3.0
1153,78,기타정당,1.4
1154,79,기타정당,2.2
1155,80,기타정당,1.6
1156,81,기타정당,1.7
1157,82,기타정당,3.1
1158,83,기타정당,3.4
1159,84,기타정당,1.0
1160,85,기타정당,1.6
1161,86,기타정당,1.0
1162,87,기타정당,2.0
1163,88,기타정당,3.8
1164,89,기타정당,1.5
1165,90,기타정당,2.0
1166,91,기타정당,1.5
1167,92,기타정당,1.7
1168,93,기타정당,1.0
1169,94,기타정당,1.1
1170,95,기타정당,1.0
1171,96,기타정당,1.6
1172,97,기타정당,0.7
1173,98,기타정당,1.3
1174,99,기타정당,1.0
1175,100,기타정당,1.0
1176,101,기타정당,2.5
1177,102,기타정당,3.0
1178,103,기타정당,2.0
1179,104,기타정당,1.0
1180,105,기타정당,1.0
1181,106,기타정당,2.0
1182,107,기타정당,0.9
1183,108,기타정당,4.0
1184,109,기타정당,1.8
1185,110,기타정당,2.6
1186,111,기타정당,2.0
1187,112,기타정당,3.9
1188,113,기타정당,1.3
1189,114,기타정당,2.0
1190,115,기타정당,2.3
1191,116,기타정당,1.8
1192,117,기타정당,2.1
1193,118,기타정당,2.0
1194,119,기타정당,1.5
1195,120,기타정당,1.8
1196,121,기타정당,1.0
1197,122,기타정당,2.0
1198,123,기타정당,3.8
1199,124,기타정당,2.7
1200,125,기타정당,1.6
1201,126,기타정당,1.4
1202,127,기타정당,3.6
1203,128,기타정당,1.0
1204,129,기타정당,1.5
1205,130,기타정당,1.8
1206,131,기타정당,1.4
1207,132,기타정당,2.0
1208,133,기타정당,1.1
1209,134,기타정당,1.4
1210,135,기타정당,3.0
1211,136,기타정당,2.0
1212,137,기타정당,1.9
1213,138,기타정당,3.1
1214,139,기타정당,4.2
1215,140,기타정당,1.6
1216,141,기타정당,3.1
1217,142,기타정당,1.9
1218,143,기타정당,2.0
1219,144,기타정당,2.3
1220,145,기타정당,1.8
1221,146,기타정당,1.0
1222,147,기타정당,1.7
1223,148,기타정당,3.3
1224,149,기타정당,3.0
1225,150,기타정당,1.9
1226,151,기타정당,1.2
1227,152,기타정당,2.0
1228,153,기타정당,3.7
1229,154,기타정당,3.5
1230,155,기타정당,1.4
1231,156,기타정당,3.4
1232,157,기타정당,2.0
1233,158,기타정당,1.9
1234,159,기타정당,2.6
1235,160,기타정당,0.9
1236,161,기타정당,1.1
1237,162,기타정당,1.9
1238,163,기타정당,1.0
1239,164,기타정당,3.0
1240,165,기타정당,5.0
1241,166,기타정당,3.0
1242,167,기타정당,1.4
1243,168,기타정당,2.0
1244,169,기타정당,3.3
1245,170,기타정당,4.4
1246,171,기타정당,2.2
1247,172,기타정당,2.7
1248,173,기타정당,2.0
1249,174,기타정당,1.7
1250,175,기타정당,2.0
1251,176,기타정당,1.2
1252,177,기타정당,2.4
1253,178,기타정당,1.5
1254,179,기타정당,1.0
1255,180,기타정당,3.0
1256,181,기타정당,3.8
1257,182,기타정당,2.6
1258,183,기타정당,2.0
1259,184,기타정당,4.2
1260,185,기타정당,3.5
1261,186,기타정당,1.7
1262,187,기타정당,1.0
1263,188,기타정당,3.1
1264,189,기타정당,3.0
1265,190,기타정당,3.0
1266,191,기타정당,1.3
1267,192,기타정당,0.7
1268,193,기타정당,4.3
1269,194,기타정당,1.6
1270,195,기타정당,2.4
1271,196,기타정당,2.0
1272,197,기타정당,1.0
1273,198,기타정당,1.0
1274,199,기타정당,1.6
1275,200,기타정당,2.8
1276,201,기타정당,3.9
1277,202,기타정당,4.2
1278,203,기타정당,2.7
1279,204,기타정당,2.9
1280,205,기타정당,2.0
1281,206,기타정당,2.8
1282,207,기타정당,1.3
1283,208,기타정당,1.0
1284,209,기타정당,0.4
1285,210,기타정당,1.8
1286,211,기타정당,1.4
1287,212,기타정당,0.7
1288,213,기타정당,2.4
1289,214,기타정당,4.0
1290,0,지지정당없음,8.0
1291,1,지지정당없음,14.5
1292,2,지지정당없음,10.2
1293,3,지지정당없음,22.0
1294,4,지지정당없음,10.2
1295,5,지지정당없음,14.3
1296,6,지지정당없음,2.6
1297,7,지지정당없음,16.0
1298,8,지지정당없음,11.0
1299,9,지지정당없음,9.5
1300,10,지지정당없음,12.3
1301,11,지지정당없음,10.3
1302,12,지지정당없음,12.2
1303,13,지지정당없음,17.0
1304,14,지지정당없음,21.0
1305,15,지지정당없음,7.4
1306,16,지지정당없음,12.5
1307,17,지지정당없음,2.0
1308,18,지지정당없음,12.0
1309,19,지지정당없음,9.8
1310,20,지지정당없음,22.0
1311,21,지지정당없음,9.8
1312,22,지지정당없음,19.0
1313,23,지지정당없음,7.3
1314,24,지지정당없음,11.2
1315,25,지지정당없음,7.7
1316,26,지지정당없음,7.1
1317,27,지지정당없음,13.0
1318,28,지지정당없음,15.0
1319,29,지지정당없음,8.4
1320,30,지지정당없음,13.8
1321,31,지지정당없음,19.0
1322,32,지지정당없음,21.0
1323,33,지지정당없음,20.0
1324,34,지지정당없음,13.0
1325,35,지지정당없음,9.9
1326,36,지지정당없음,17.0
1327,37,지지정당없음,11.5
1328,38,지지정당없음,15.0
1329,39,지지정당없음,9.7
1330,40,지지정당없음,13.0
1331,41,지지정당없음,21.0
1332,42,지지정당없음,33.0
1333,43,지지정당없음,10.0
1334,44,지지정당없음,8.9
1335,45,지지정당없음,8.0
1336,46,지지정당없음,14.3
1337,47,지지정당없음,10.0
1338,48,지지정당없음,13.9
1339,49,지지정당없음,7.5
1340,50,지지정당없음,8.2
1341,51,지지정당없음,10.5
1342,52,지지정당없음,11.9
1343,53,지지정당없음,5.8
1344,54,지지정당없음,8.0
1345,55,지지정당없음,18.0
1346,56,지지정당없음,2.6
1347,57,지지정당없음,17.0
1348,58,지지정당없음,11.2
1349,59,지지정당없음,11.0
1350,60,지지정당없음,9.2
1351,61,지지정당없음,5.3
1352,62,지지정당없음,10.0
1353,63,지지정당없음,12.4
1354,64,지지정당없음,14.1
1355,65,지지정당없음,5.8
1356,66,지지정당없음,6.2
1357,67,지지정당없음,12.3
1358,68,지지정당없음,7.3
1359,69,지지정당없음,6.2
1360,70,지지정당없음,10.7
1361,71,지지정당없음,17.0
1362,72,지지정당없음,2.4
1363,73,지지정당없음,14.0
1364,74,지지정당없음,11.0
1365,75,지지정당없음,5.4
1366,76,지지정당없음,9.6
1367,77,지지정당없음,8.0
1368,78,지지정당없음,11.3
1369,79,지지정당없음,4.6
1370,80,지지정당없음,10.0
1371,81,지지정당없음,5.4
1372,82,지지정당없음,7.1
1373,83,지지정당없음,4.2
1374,84,지지정당없음,10.1
1375,85,지지정당없음,6.9
1376,86,지지정당없음,16.0
1377,87,지지정당없음,11.0
1378,88,지지정당없음,7.5
1379,89,지지정당없음,1.8
1380,90,지지정당없음,11.0
1381,91,지지정당없음,14.0
1382,92,지지정당없음,8.2
1383,93,지지정당없음,12.0
1384,94,지지정당없음,4.9
1385,95,지지정당없음,11.0
1386,96,지지정당없음,4.1
1387,97,지지정당없음,9.2
1388,98,지지정당없음,7.5
1389,99,지지정당없음,8.0
1390,100,지지정당없음,14.0
1391,101,지지정당없음,4.8
1392,102,지지정당없음,17.0
1393,103,지지정당없음,14.0
1394,104,지지정당없음,8.0
1395,105,지지정당없음,13.0
1396,106,지지정당없음,8.0
1397,107,지지정당없음,8.1
1398,108,지지정당없음,4.0
1399,109,지지정당없음,6.1
1400,110,지지정당없음,8.2
1401,111,지지정당없음,6.9
1402,112,지지정당없음,5.6
1403,113,지지정당없음,9.3
1404,114,지지정당없음,14.0
1405,115,지지정당없음,5.9
1406,116,지지정당없음,2.5
1407,117,지지정당없음,5.7
1408,118,지지정당없음,11.0
1409,119,지지정당없음,6.8
1410,120,지지정당없음,8.8
1411,121,지지정당없음,9.1
1412,122,지지정당없음,10.0
1413,123,지지정당없음,9.4
1414,124,지지정당없음,8.9
1415,125,지지정당없음,7.7
1416,126,지지정당없음,9.1
1417,127,지지정당없음,4.8
1418,128,지지정당없음,16.0
1419,129,지지정당없음,1.5
1420,130,지지정당없음,6.3
1421,131,지지정당없음,14.0
1422,132,지지정당없음,13.0
1423,133,지지정당없음,6.5
1424,134,지지정당없음,9.0
1425,135,지지정당없음,8.0
1426,136,지지정당없음,12.0
1427,137,지지정당없음,6.6
1428,138,지지정당없음,5.4
1429,139,지지정당없음,7.3
1430,140,지지정당없음,5.9
1431,141,지지정당없음,7.6
1432,142,지지정당없음,7.3
1433,143,지지정당없음,16.0
1434,144,지지정당없음,4.7
1435,145,지지정당없음,7.2
1436,146,지지정당없음,8.9
1437,147,지지정당없음,16.0
1438,148,지지정당없음,8.8
1439,149,지지정당없음,13.0
1440,150,지지정당없음,6.6
1441,151,지지정당없음,10.7
1442,152,지지정당없음,7.0
1443,153,지지정당없음,10.6
1444,154,지지정당없음,9.4
1445,155,지지정당없음,9.6
1446,156,지지정당없음,6.1
1447,157,지지정당없음,19.0
1448,158,지지정당없음,8.1
1449,159,지지정당없음,8.2
1450,160,지지정당없음,9.0
1451,161,지지정당없음,17.0
1452,162,지지정당없음,8.0
1453,163,지지정당없음,11.2
1454,164,지지정당없음,9.8
1455,165,지지정당없음,5.0
1456,166,지지정당없음,9.0
1457,167,지지정당없음,11.3
1458,168,지지정당없음,10.0
1459,169,지지정당없음,6.9
1460,170,지지정당없음,4.4
1461,171,지지정당없음,8.6
1462,172,지지정당없음,6.6
1463,173,지지정당없음,19.0
1464,174,지지정당없음,8.4
1465,175,지지정당없음,6.8
1466,176,지지정당없음,15.0
1467,177,지지정당없음,3.1
1468,178,지지정당없음,6.9
1469,179,지지정당없음,11.0
1470,180,지지정당없음,7.0
1471,181,지지정당없음,11.0
1472,182,지지정당없음,11.6
1473,183,지지정당없음,10.7
1474,184,지지정당없음,3.0
1475,185,지지정당없음,6.5
1476,186,지지정당없음,7.6
1477,187,지지정당없음,18.0
1478,188,지지정당없음,2.1
1479,189,지지정당없음,8.1
1480,190,지지정당없음,9.0
1481,191,지지정당없음,10.3
1482,192,지지정당없음,17.0
1483,193,지지정당없음,7.9
1484,194,지지정당없음,2.0
1485,195,지지정당없음,8.0
1486,196,지지정당없음,10.0
1487,197,지지정당없음,12.4
1488,198,지지정당없음,10.9
1489,199,지지정당없음,10.4
1490,200,지지정당없음,5.3
1491,201,지지정당없음,6.9
1492,202,지지정당없음,4.3
1493,203,지지정당없음,6.2
1494,204,지지정당없음,7.6
1495,205,지지정당없음,18.0
1496,206,지지정당없음,8.6
1497,207,지지정당없음,2.1
1498,208,지지정당없음,10.3
1499,209,지지정당없음,16.0
1500,210,지지정당없음,2.2
1501,211,지지정당없음,7.6
1502,212,지지정당없음,11.3
1503,213,지지정당없음,9.7
1504,214,지지정당없음,9.0
1505,0,모름/무응답,0.8
1506,1,모름/무응답,0.7
1507,2,모름/무응답,1.4
1508,3,모름/무응답,3.0
1509,4,모름/무응답,1.3
1510,5,모름/무응답,0.3
1511,6,모름/무응답,0.5
1512,7,모름/무응답,1.0
1513,8,모름/무응답,0.9
1514,9,모름/무응답,1.0
1515,10,모름/무응답,0.7
1516,11,모름/무응답,1.0
1517,12,모름/무응답,0.6
1518,13,모름/무응답,1.0
1519,14,모름/무응답,2.0
1520,15,모름/무응답,1.2
1521,16,모름/무응답,0.2
1522,17,모름/무응답,0.3
1523,18,모름/무응답,0.7
1524,19,모름/무응답,0.8
1525,20,모름/무응답,2.0
1526,21,모름/무응답,1.5
1527,22,모름/무응답,2.0
1528,23,모름/무응답,0.9
1529,24,모름/무응답,0.4
1530,25,모름/무응답,0.7
1531,26,모름/무응답,0.8
1532,27,모름/무응답,2.1
1533,28,모름/무응답,0.0
1534,29,모름/무응답,1.8
1535,30,모름/무응답,1.1
1536,31,모름/무응답,1.0
1537,32,모름/무응답,0.0
1538,33,모름/무응답,5.0
1539,34,모름/무응답,1.2
1540,35,모름/무응답,0.5
1541,36,모름/무응답,1.0
1542,37,모름/무응답,0.6
1543,38,모름/무응답,3.9
1544,39,모름/무응답,0.4
1545,40,모름/무응답,1.0
1546,41,모름/무응답,1.0
1547,42,모름/무응답,2.0
1548,43,모름/무응답,1.0
1549,44,모름/무응답,0.6
1550,45,모름/무응답,1.6
1551,46,모름/무응답,0.3
1552,47,모름/무응답,1.0
1553,48,모름/무응답,1.1
1554,49,모름/무응답,0.9
1555,50,모름/무응답,0.6
1556,51,모름/무응답,0.6
1557,52,모름/무응답,0.6
1558,53,모름/무응답,0.8
1559,54,모름/무응답,0.3
1560,55,모름/무응답,1.0
1561,56,모름/무응답,0.5
1562,57,모름/무응답,2.0
1563,58,모름/무응답,0.5
1564,59,모름/무응답,0.0
1565,60,모름/무응답,0.8
1566,61,모름/무응답,1.2
1567,62,모름/무응답,1.0
1568,63,모름/무응답,0.2
1569,64,모름/무응답,0.5
1570,65,모름/무응답,0.4
1571,66,모름/무응답,0.7
1572,67,모름/무응답,0.7
1573,68,모름/무응답,0.5
1574,69,모름/무응답,0.3
1575,70,모름/무응답,0.9
1576,71,모름/무응답,1.0
1577,72,모름/무응답,0.2
1578,73,모름/무응답,3.0
1579,74,모름/무응답,1.0
1580,75,모름/무응답,1.0
1581,76,모름/무응답,0.3
1582,77,모름/무응답,0.0
1583,78,모름/무응답,0.3
1584,79,모름/무응답,0.5
1585,80,모름/무응답,0.3
1586,81,모름/무응답,0.1
1587,82,모름/무응답,0.3
1588,83,모름/무응답,0.6
1589,84,모름/무응답,1.1
1590,85,모름/무응답,0.5
1591,86,모름/무응답,1.0
1592,87,모름/무응답,1.0
1593,88,모름/무응답,0.5
1594,89,모름/무응답,0.4
1595,90,모름/무응답,0.0
1596,91,모름/무응답,1.0
1597,92,모름/무응답,1.1
1598,93,모름/무응답,0.0
1599,94,모름/무응답,0.5
1600,95,모름/무응답,1.0
1601,96,모름/무응답,0.5
1602,97,모름/무응답,0.2
1603,98,모름/무응답,0.0
1604,99,모름/무응답,1.0
1605,100,모름/무응답,1.0
1606,101,모름/무응답,0.3
1607,102,모름/무응답,0.0
1608,103,모름/무응답,1.0
1609,104,모름/무응답,1.0
1610,105,모름/무응답,1.0
1611,106,모름/무응답,1.0
1612,107,모름/무응답,0.1
1613,108,모름/무응답,1.0
1614,109,모름/무응답,0.6
1615,110,모름/무응답,0.5
1616,111,모름/무응답,0.8
1617,112,모름/무응답,0.4
1618,113,모름/무응답,0.5
1619,114,모름/무응답,1.0
1620,115,모름/무응답,0.5
1621,116,모름/무응답,0.2
1622,117,모름/무응답,0.9
1623,118,모름/무응답,0.0
1624,119,모름/무응답,1.2
1625,120,모름/무응답,1.4
1626,121,모름/무응답,0.1
1627,122,모름/무응답,1.0
1628,123,모름/무응답,0.3
1629,124,모름/무응답,0.8
1630,125,모름/무응답,0.5
1631,126,모름/무응답,0.7
1632,127,모름/무응답,0.9
1633,128,모름/무응답,1.0
1634,129,모름/무응답,0.4
1635,130,모름/무응답,0.7
1636,131,모름/무응답,1.0
1637,132,모름/무응답,0.0
1638,133,모름/무응답,0.9
1639,134,모름/무응답,0.1
1640,135,모름/무응답,0.0
1641,136,모름/무응답,5.0
1642,137,모름/무응답,0.6
1643,138,모름/무응답,0.6
1644,139,모름/무응답,0.2
1645,140,모름/무응답,0.7
1646,141,모름/무응답,0.6
1647,142,모름/무응답,0.2
1648,143,모름/무응답,1.0
1649,144,모름/무응답,0.8
1650,145,모름/무응답,1.5
1651,146,모름/무응답,0.2
1652,147,모름/무응답,2.0
1653,148,모름/무응답,1.2
1654,149,모름/무응답,1.0
1655,150,모름/무응답,1.2
1656,151,모름/무응답,0.0
1657,152,모름/무응답,1.0
1658,153,모름/무응답,0.9
1659,154,모름/무응답,0.4
1660,155,모름/무응답,0.9
1661,156,모름/무응답,1.2
1662,157,모름/무응답,1.0
1663,158,모름/무응답,0.9
1664,159,모름/무응답,0.6
1665,160,모름/무응답,0.4
1666,161,모름/무응답,2.0
1667,162,모름/무응답,0.8
1668,163,모름/무응답,0.1
1669,164,모름/무응답,0.9
1670,165,모름/무응답,1.0
1671,166,모름/무응답,0.0
1672,167,모름/무응답,0.8
1673,168,모름/무응답,1.0
1674,169,모름/무응답,0.9
1675,170,모름/무응답,1.0
1676,171,모름/무응답,0.4
1677,172,모름/무응답,0.7
1678,173,모름/무응답,1.0
1679,174,모름/무응답,0.5
1680,175,모름/무응답,0.4
1681,176,모름/무응답,3.0
1682,177,모름/무응답,0.4
1683,178,모름/무응답,1.1
1684,179,모름/무응답,0.1
1685,180,모름/무응답,1.0
1686,181,모름/무응답,0.2
1687,182,모름/무응답,1.4
1688,183,모름/무응답,0.7
1689,184,모름/무응답,0.4
1690,185,모름/무응답,0.9
1691,186,모름/무응답,0.8
1692,187,모름/무응답,1.0
1693,188,모름/무응답,0.2
1694,189,모름/무응답,0.7
1695,190,모름/무응답,1.0
1696,191,모름/무응답,0.2
1697,192,모름/무응답,2.0
1698,193,모름/무응답,0.8
1699,194,모름/무응답,0.3
1700,195,모름/무응답,0.8
1701,196,모름/무응답,1.0
1702,197,모름/무응답,0.2
1703,198,모름/무응답,1.3
1704,199,모름/무응답,0.7
1705,200,모름/무응답,1.2
1706,201,모름/무응답,0.9
1707,202,모름/무응답,0.9
1708,203,모름/무응답,1.3
1709,204,모름/무응답,1.0
1710,205,모름/무응답,1.0
1711,206,모름/무응답,0.4
1712,207,모름/무응답,0.3
1713,208,모름/무응답,0.2
1714,209,모름/무응답,3.0
1715,210,모름/무응답,0.4
1716,211,모름/무응답,1.0
1717,212,모름/무응답,0.5
1718,213,모름/무응답,0.4
1719,214,모름/무응답,1.0
